[{"model": "contenttypes.contenttype", "pk": 1, "fields": {"app_label": "admin", "model": "logentry"}}, {"model": "contenttypes.contenttype", "pk": 2, "fields": {"app_label": "auth", "model": "permission"}}, {"model": "contenttypes.contenttype", "pk": 3, "fields": {"app_label": "auth", "model": "group"}}, {"model": "contenttypes.contenttype", "pk": 4, "fields": {"app_label": "auth", "model": "user"}}, {"model": "contenttypes.contenttype", "pk": 5, "fields": {"app_label": "contenttypes", "model": "contenttype"}}, {"model": "contenttypes.contenttype", "pk": 6, "fields": {"app_label": "sessions", "model": "session"}}, {"model": "contenttypes.contenttype", "pk": 7, "fields": {"app_label": "tickets", "model": "ticket"}}, {"model": "contenttypes.contenttype", "pk": 8, "fields": {"app_label": "tickets", "model": "contribution"}}, {"model": "contenttypes.contenttype", "pk": 9, "fields": {"app_label": "comments", "model": "comment"}}, {"model": "contenttypes.contenttype", "pk": 10, "fields": {"app_label": "tickets", "model": "vote"}}, {"model": "contenttypes.contenttype", "pk": 11, "fields": {"app_label": "blog", "model": "post"}}, {"model": "sessions.session", "pk": "6fvgt2rzznnmy9hp2xfc6d987wkg9dro", "fields": {"session_data": "YjJhYjJlM2ZlYTI1YTQ5ZTAwZjJlNDgxMGRiMTVhZDVjMmE0ZWEyOTp7Il9hdXRoX3VzZXJfaWQiOiIyIiwiX2F1dGhfdXNlcl9iYWNrZW5kIjoiZGphbmdvLmNvbnRyaWIuYXV0aC5iYWNrZW5kcy5Nb2RlbEJhY2tlbmQiLCJfYXV0aF91c2VyX2hhc2giOiI2NmMxYzg1MWUzOGMxOTEzYjNmMzkyMjJjNjM2OTVmNzM1YmZjZmEwIn0=", "expire_date": "2019-05-03T13:42:05.201Z"}}, {"model": "sessions.session", "pk": "6q1jyvolchngwq0t1213fy1ixmp1jbpa", "fields": {"session_data": "YzVjMTM1Y2Y3MTAzYTE4NDA1ZTBmNTkxNjFjOGFmMDYwNDc5YzJlMDp7Il9hdXRoX3VzZXJfaWQiOiIyIiwiX2F1dGhfdXNlcl9iYWNrZW5kIjoiZGphbmdvLmNvbnRyaWIuYXV0aC5iYWNrZW5kcy5Nb2RlbEJhY2tlbmQiLCJfYXV0aF91c2VyX2hhc2giOiJiMDg1OTNhZDk1ZGQ3MjU1Y2VlZTk5YjAxZTgzYjU4MTI2Mzk3ZTMwIn0=", "expire_date": "2019-04-23T21:44:19.742Z"}}, {"model": "sessions.session", "pk": "7tqz15zd5olwj4vomjeowu9bysaopkzd", "fields": {"session_data": "OWM4ZDNmZThmZGMyYmVlYWQ4MjZiNzEzZDZjYmZjZWJmZDgxNzNiMzp7Il9hdXRoX3VzZXJfaWQiOiIyIiwiX2F1dGhfdXNlcl9iYWNrZW5kIjoiZGphbmdvLmNvbnRyaWIuYXV0aC5iYWNrZW5kcy5Nb2RlbEJhY2tlbmQiLCJfYXV0aF91c2VyX2hhc2giOiI2NmMxYzg1MWUzOGMxOTEzYjNmMzkyMjJjNjM2OTVmNzM1YmZjZmEwIiwiY2FydCI6e319", "expire_date": "2019-04-29T22:12:03.164Z"}}, {"model": "sessions.session", "pk": "fqxab5p8n91ui0sefpev8lketod84tk8", "fields": {"session_data": "OWM4ZDNmZThmZGMyYmVlYWQ4MjZiNzEzZDZjYmZjZWJmZDgxNzNiMzp7Il9hdXRoX3VzZXJfaWQiOiIyIiwiX2F1dGhfdXNlcl9iYWNrZW5kIjoiZGphbmdvLmNvbnRyaWIuYXV0aC5iYWNrZW5kcy5Nb2RlbEJhY2tlbmQiLCJfYXV0aF91c2VyX2hhc2giOiI2NmMxYzg1MWUzOGMxOTEzYjNmMzkyMjJjNjM2OTVmNzM1YmZjZmEwIiwiY2FydCI6e319", "expire_date": "2019-05-01T22:52:38.250Z"}}, {"model": "sessions.session", "pk": "fwc2wlsc85hz5nzwwag8aomle8h7fs4l", "fields": {"session_data": "YzVjMTM1Y2Y3MTAzYTE4NDA1ZTBmNTkxNjFjOGFmMDYwNDc5YzJlMDp7Il9hdXRoX3VzZXJfaWQiOiIyIiwiX2F1dGhfdXNlcl9iYWNrZW5kIjoiZGphbmdvLmNvbnRyaWIuYXV0aC5iYWNrZW5kcy5Nb2RlbEJhY2tlbmQiLCJfYXV0aF91c2VyX2hhc2giOiJiMDg1OTNhZDk1ZGQ3MjU1Y2VlZTk5YjAxZTgzYjU4MTI2Mzk3ZTMwIn0=", "expire_date": "2019-04-15T19:23:04.676Z"}}, {"model": "sessions.session", "pk": "xtibxjbjl003mtzvwjmsokjmcg7gerzi", "fields": {"session_data": "YzVjMTM1Y2Y3MTAzYTE4NDA1ZTBmNTkxNjFjOGFmMDYwNDc5YzJlMDp7Il9hdXRoX3VzZXJfaWQiOiIyIiwiX2F1dGhfdXNlcl9iYWNrZW5kIjoiZGphbmdvLmNvbnRyaWIuYXV0aC5iYWNrZW5kcy5Nb2RlbEJhY2tlbmQiLCJfYXV0aF91c2VyX2hhc2giOiJiMDg1OTNhZDk1ZGQ3MjU1Y2VlZTk5YjAxZTgzYjU4MTI2Mzk3ZTMwIn0=", "expire_date": "2019-04-29T13:45:09.246Z"}}, {"model": "auth.permission", "pk": 1, "fields": {"name": "Can add log entry", "content_type": 1, "codename": "add_logentry"}}, {"model": "auth.permission", "pk": 2, "fields": {"name": "Can change log entry", "content_type": 1, "codename": "change_logentry"}}, {"model": "auth.permission", "pk": 3, "fields": {"name": "Can delete log entry", "content_type": 1, "codename": "delete_logentry"}}, {"model": "auth.permission", "pk": 4, "fields": {"name": "Can add permission", "content_type": 2, "codename": "add_permission"}}, {"model": "auth.permission", "pk": 5, "fields": {"name": "Can change permission", "content_type": 2, "codename": "change_permission"}}, {"model": "auth.permission", "pk": 6, "fields": {"name": "Can delete permission", "content_type": 2, "codename": "delete_permission"}}, {"model": "auth.permission", "pk": 7, "fields": {"name": "Can add group", "content_type": 3, "codename": "add_group"}}, {"model": "auth.permission", "pk": 8, "fields": {"name": "Can change group", "content_type": 3, "codename": "change_group"}}, {"model": "auth.permission", "pk": 9, "fields": {"name": "Can delete group", "content_type": 3, "codename": "delete_group"}}, {"model": "auth.permission", "pk": 10, "fields": {"name": "Can add user", "content_type": 4, "codename": "add_user"}}, {"model": "auth.permission", "pk": 11, "fields": {"name": "Can change user", "content_type": 4, "codename": "change_user"}}, {"model": "auth.permission", "pk": 12, "fields": {"name": "Can delete user", "content_type": 4, "codename": "delete_user"}}, {"model": "auth.permission", "pk": 13, "fields": {"name": "Can add content type", "content_type": 5, "codename": "add_contenttype"}}, {"model": "auth.permission", "pk": 14, "fields": {"name": "Can change content type", "content_type": 5, "codename": "change_contenttype"}}, {"model": "auth.permission", "pk": 15, "fields": {"name": "Can delete content type", "content_type": 5, "codename": "delete_contenttype"}}, {"model": "auth.permission", "pk": 16, "fields": {"name": "Can add session", "content_type": 6, "codename": "add_session"}}, {"model": "auth.permission", "pk": 17, "fields": {"name": "Can change session", "content_type": 6, "codename": "change_session"}}, {"model": "auth.permission", "pk": 18, "fields": {"name": "Can delete session", "content_type": 6, "codename": "delete_session"}}, {"model": "auth.permission", "pk": 19, "fields": {"name": "Can add ticket", "content_type": 7, "codename": "add_ticket"}}, {"model": "auth.permission", "pk": 20, "fields": {"name": "Can change ticket", "content_type": 7, "codename": "change_ticket"}}, {"model": "auth.permission", "pk": 21, "fields": {"name": "Can delete ticket", "content_type": 7, "codename": "delete_ticket"}}, {"model": "auth.permission", "pk": 22, "fields": {"name": "Can add contribution", "content_type": 8, "codename": "add_contribution"}}, {"model": "auth.permission", "pk": 23, "fields": {"name": "Can change contribution", "content_type": 8, "codename": "change_contribution"}}, {"model": "auth.permission", "pk": 24, "fields": {"name": "Can delete contribution", "content_type": 8, "codename": "delete_contribution"}}, {"model": "auth.permission", "pk": 25, "fields": {"name": "Can add comment", "content_type": 9, "codename": "add_comment"}}, {"model": "auth.permission", "pk": 26, "fields": {"name": "Can change comment", "content_type": 9, "codename": "change_comment"}}, {"model": "auth.permission", "pk": 27, "fields": {"name": "Can delete comment", "content_type": 9, "codename": "delete_comment"}}, {"model": "auth.permission", "pk": 28, "fields": {"name": "Can add vote", "content_type": 10, "codename": "add_vote"}}, {"model": "auth.permission", "pk": 29, "fields": {"name": "Can change vote", "content_type": 10, "codename": "change_vote"}}, {"model": "auth.permission", "pk": 30, "fields": {"name": "Can delete vote", "content_type": 10, "codename": "delete_vote"}}, {"model": "auth.permission", "pk": 31, "fields": {"name": "Can view log entry", "content_type": 1, "codename": "view_logentry"}}, {"model": "auth.permission", "pk": 32, "fields": {"name": "Can view permission", "content_type": 2, "codename": "view_permission"}}, {"model": "auth.permission", "pk": 33, "fields": {"name": "Can view group", "content_type": 3, "codename": "view_group"}}, {"model": "auth.permission", "pk": 34, "fields": {"name": "Can view user", "content_type": 4, "codename": "view_user"}}, {"model": "auth.permission", "pk": 35, "fields": {"name": "Can view content type", "content_type": 5, "codename": "view_contenttype"}}, {"model": "auth.permission", "pk": 36, "fields": {"name": "Can view session", "content_type": 6, "codename": "view_session"}}, {"model": "auth.permission", "pk": 37, "fields": {"name": "Can view ticket", "content_type": 7, "codename": "view_ticket"}}, {"model": "auth.permission", "pk": 38, "fields": {"name": "Can view contribution", "content_type": 8, "codename": "view_contribution"}}, {"model": "auth.permission", "pk": 39, "fields": {"name": "Can view vote", "content_type": 10, "codename": "view_vote"}}, {"model": "auth.permission", "pk": 40, "fields": {"name": "Can view comment", "content_type": 9, "codename": "view_comment"}}, {"model": "auth.permission", "pk": 41, "fields": {"name": "Can add post", "content_type": 11, "codename": "add_post"}}, {"model": "auth.permission", "pk": 42, "fields": {"name": "Can change post", "content_type": 11, "codename": "change_post"}}, {"model": "auth.permission", "pk": 43, "fields": {"name": "Can delete post", "content_type": 11, "codename": "delete_post"}}, {"model": "auth.permission", "pk": 44, "fields": {"name": "Can view post", "content_type": 11, "codename": "view_post"}}, {"model": "auth.user", "pk": 1, "fields": {"password": "pbkdf2_sha256$150000$7vbCBiOEMsvl$u0P++p0kviUcL3bGKwq6jGHpvGqzSdWxKYl1nX9XxF4=", "last_login": "2019-04-17T20:40:27.000Z", "is_superuser": false, "username": "adam", "first_name": "", "last_name": "", "email": "adam@unicorn.com", "is_staff": false, "is_active": true, "date_joined": "2019-03-31T21:55:54.098Z", "groups": [], "user_permissions": []}}, {"model": "auth.user", "pk": 2, "fields": {"password": "pbkdf2_sha256$150000$6hCKRYAH7qZN$d/2mY6OWsH97us9FcR2qwP2PF1b+7VkF4fl0e2casaE=", "last_login": "2019-04-19T13:00:46.113Z", "is_superuser": true, "username": "admin", "first_name": "Adam", "last_name": "Gibbons", "email": "adam.p.gibbons@gmail.com", "is_staff": true, "is_active": true, "date_joined": "2019-03-31T21:58:55.219Z", "groups": [], "user_permissions": []}}, {"model": "auth.user", "pk": 3, "fields": {"password": "pbkdf2_sha256$150000$BjXpKk7PPCQF$5ZGwA/6WXV9/wjIFNZHFlh7yAt27W05zSiWB6hxZk4c=", "last_login": "2019-04-16T20:06:07.402Z", "is_superuser": false, "username": "newuser", "first_name": "", "last_name": "", "email": "aadsf@ads", "is_staff": false, "is_active": true, "date_joined": "2019-04-16T20:06:00.640Z", "groups": [], "user_permissions": []}}, {"model": "tickets.ticket", "pk": 1, "fields": {"userid": 2, "title": "Not sure if we can add contributions", "description": "Had some trouble setting up the contributions with two foreign keys", "url": "", "image": "images/D98CXvp_Mu1XvDI.jpg", "price": "50.00", "type": "Bug", "status": "In Progress", "created_on": "2019-03-31T23:00:40Z", "percent_complete": 0}}, {"model": "tickets.ticket", "pk": 2, "fields": {"userid": 2, "title": "I want to be able to contribute to features", "description": "Shut up and take my money!", "url": "", "image": "", "price": "50.00", "type": "Feature", "status": "Pending", "created_on": "2019-03-31T23:01:22Z", "percent_complete": 46}}, {"model": "tickets.ticket", "pk": 3, "fields": {"userid": 2, "title": "Stripe Integration", "description": "Need to incorporate stripe on contributions", "url": "", "image": "", "price": "90.00", "type": "Feature", "status": "In Progress", "created_on": "2019-04-01T00:15:03Z", "percent_complete": 5}}, {"model": "tickets.ticket", "pk": 4, "fields": {"userid": 2, "title": "Add lists of my features and bugs to the dashboard", "description": "Still waiting on this one to be fixed.", "url": "", "image": "", "price": "50.00", "type": "Bug", "status": "In Progress", "created_on": "2019-04-03T14:25:41Z", "percent_complete": 0}}, {"model": "tickets.ticket", "pk": 5, "fields": {"userid": 2, "title": "Test bug", "description": "Waiting to test pagination", "url": "https://unicorn-attractor-huckcity.c9users.io/tickets/bug/1/", "image": "", "price": "50.00", "type": "Bug", "status": "Pending", "created_on": "2019-04-03T14:27:31Z", "percent_complete": 0}}, {"model": "tickets.ticket", "pk": 6, "fields": {"userid": 2, "title": "Chilling", "description": "Smite", "url": "", "image": "", "price": "50.00", "type": "Bug", "status": "Pending", "created_on": "2019-04-03T14:28:09Z", "percent_complete": 0}}, {"model": "tickets.ticket", "pk": 7, "fields": {"userid": 2, "title": "Pagination", "description": "Still not working", "url": "", "image": "", "price": "50.00", "type": "Bug", "status": "Pending", "created_on": "2019-04-05T14:28:30Z", "percent_complete": 0}}, {"model": "tickets.ticket", "pk": 8, "fields": {"userid": 2, "title": "I guess we need more than 5", "description": "ljkfhdaslkjhfdsalkjhfdsalkjhfdsalkjfhdsaf", "url": "", "image": "", "price": "50.00", "type": "Bug", "status": "Pending", "created_on": "2019-04-01T14:28:49.758Z", "percent_complete": 0}}, {"model": "tickets.ticket", "pk": 9, "fields": {"userid": 2, "title": "Test bug", "description": "titles don't need to be unique, maybe they should though...", "url": "", "image": "", "price": "50.00", "type": "Bug", "status": "Pending", "created_on": "2019-04-01T14:29:07.021Z", "percent_complete": 0}}, {"model": "tickets.ticket", "pk": 11, "fields": {"userid": 1, "title": "April 4th", "description": "Mondy night/Tuesday morning", "url": "", "image": "", "price": "50.00", "type": "Bug", "status": "Complete", "created_on": "2019-04-15T14:22:34Z", "percent_complete": 0}}, {"model": "tickets.ticket", "pk": 12, "fields": {"userid": 2, "title": "48 Hours", "description": "Bless up bro", "url": "", "image": "", "price": "75.00", "type": "Feature", "status": "In Progress", "created_on": "2019-04-10T14:23:28Z", "percent_complete": 66}}, {"model": "tickets.ticket", "pk": 13, "fields": {"userid": 2, "title": "Charts page needs more data", "description": "Lorem ipsum dolor sit amet, consectetur adipiscing elit. Integer viverra metus sodales turpis lacinia, ac lobortis lorem mollis. Nulla quis arcu lectus. Proin efficitur quam vel enim suscipit, in auctor odio congue. Duis dictum odio est, sed condimentum dolor euismod ac. Vivamus volutpat ut leo sit amet congue. Donec quis lorem lacinia, pharetra urna quis, volutpat libero. Proin in commodo nulla. Vestibulum id ex sit amet arcu sodales convallis nec in tortor. Vestibulum varius justo nec ante semper egestas eu ullamcorper enim. Mauris tortor sapien, sollicitudin ac diam vitae, semper commodo nisi.", "url": "", "image": "", "price": "50.00", "type": "Feature", "status": "In Progress", "created_on": "2019-04-15T14:43:41Z", "percent_complete": 8}}, {"model": "tickets.ticket", "pk": 14, "fields": {"userid": 1, "title": "Quisque sit amet viverra libero", "description": "Mauris condimentum porttitor ipsum id finibus. Sed et elit ullamcorper arcu gravida semper. Nullam a lacus malesuada, volutpat nunc ac, condimentum orci. Nulla facilisi. Morbi sodales finibus quam nec efficitur. Donec vel ipsum vehicula, convallis risus ac, vulputate ex. Vivamus suscipit ullamcorper velit, vitae aliquam nulla condimentum id. Ut venenatis leo nec ex fringilla, in gravida nisi vulputate. Cras id nisl ultricies, pellentesque lorem ac, ornare dolor. Class aptent taciti sociosqu ad litora torquent per conubia nostra, per inceptos himenaeos. Integer facilisis dui vel ex imperdiet, at maximus quam feugiat. Curabitur lobortis metus ex, eu vulputate eros sollicitudin eget. Sed at massa dapibus felis lobortis rutrum non non ipsum. Etiam vitae molestie orci, eget ornare libero. Nulla ut vulputate mi.", "url": "", "image": "", "price": "50.00", "type": "Bug", "status": "Pending", "created_on": "2019-04-05T14:44:24Z", "percent_complete": 0}}, {"model": "tickets.ticket", "pk": 15, "fields": {"userid": 2, "title": "Image test", "description": "testing image upload", "url": "", "image": "images/4uJeI_JDa2wCR.jpg", "price": "50.00", "type": "Bug", "status": "Complete", "created_on": "2019-04-17T22:12:33Z", "percent_complete": 0}}, {"model": "tickets.contribution", "pk": 1, "fields": {"userid": 1, "ticket": 2, "amount": "23.00", "contributed_on": "2019-03-31T23:08:18Z"}}, {"model": "tickets.contribution", "pk": 2, "fields": {"userid": 2, "ticket": 12, "amount": "25.00", "contributed_on": "2019-04-15T23:04:03.658Z"}}, {"model": "tickets.contribution", "pk": 3, "fields": {"userid": 3, "ticket": 12, "amount": "25.00", "contributed_on": "2019-04-16T22:10:35.548Z"}}, {"model": "tickets.contribution", "pk": 4, "fields": {"userid": 2, "ticket": 2, "amount": "2.00", "contributed_on": "2019-04-16T23:28:30.591Z"}}, {"model": "tickets.contribution", "pk": 5, "fields": {"userid": 2, "ticket": 2, "amount": "2.00", "contributed_on": "2019-04-16T23:30:25.190Z"}}, {"model": "tickets.contribution", "pk": 6, "fields": {"userid": 2, "ticket": 2, "amount": "2.00", "contributed_on": "2019-04-16T23:31:01.913Z"}}, {"model": "tickets.contribution", "pk": 7, "fields": {"userid": 2, "ticket": 2, "amount": "5.00", "contributed_on": "2019-04-16T23:37:54.438Z"}}, {"model": "tickets.contribution", "pk": 8, "fields": {"userid": 2, "ticket": 2, "amount": "5.00", "contributed_on": "2019-04-16T23:38:56.806Z"}}, {"model": "tickets.contribution", "pk": 9, "fields": {"userid": 2, "ticket": 2, "amount": "10.00", "contributed_on": "2019-04-16T23:53:19.502Z"}}, {"model": "tickets.contribution", "pk": 10, "fields": {"userid": 2, "ticket": 3, "amount": "5.00", "contributed_on": "2019-04-17T00:28:34.439Z"}}, {"model": "tickets.contribution", "pk": 11, "fields": {"userid": 2, "ticket": 3, "amount": "4.40", "contributed_on": "2019-04-17T00:30:32.383Z"}}, {"model": "tickets.contribution", "pk": 12, "fields": {"userid": 2, "ticket": 13, "amount": "4.32", "contributed_on": "2019-04-17T00:34:28.191Z"}}, {"model": "tickets.vote", "pk": 11, "fields": {"user": 2, "ticket": 1, "voted_on": "2019-04-19T14:42:14.142Z"}}, {"model": "tickets.vote", "pk": 12, "fields": {"user": 2, "ticket": 4, "voted_on": "2019-04-19T14:48:01.077Z"}}, {"model": "comments.comment", "pk": 1, "fields": {"userid": 2, "ticketid": 1, "blog_post_id": null, "comment": "Tesing comments on first bug report", "posted_on": "2019-03-31T23:00:51.722Z"}}, {"model": "comments.comment", "pk": 2, "fields": {"userid": 2, "ticketid": 1, "blog_post_id": null, "comment": "New comment to test comment vs comments", "posted_on": "2019-04-01T13:52:19.888Z"}}, {"model": "comments.comment", "pk": 3, "fields": {"userid": 2, "ticketid": 5, "blog_post_id": null, "comment": "1 comment, no s", "posted_on": "2019-04-01T14:27:53.365Z"}}, {"model": "comments.comment", "pk": 4, "fields": {"userid": 2, "ticketid": 2, "blog_post_id": null, "comment": "Contributions related comment...", "posted_on": "2019-04-02T18:19:04Z"}}, {"model": "comments.comment", "pk": 5, "fields": {"userid": 2, "ticketid": 3, "blog_post_id": null, "comment": "Stripe is coming soon!", "posted_on": "2019-04-01T20:23:04.571Z"}}, {"model": "comments.comment", "pk": 6, "fields": {"userid": 1, "ticketid": null, "blog_post_id": 1, "comment": "Test comments on blog posts using the same model as ticket comments", "posted_on": "2019-04-02T20:41:36Z"}}, {"model": "comments.comment", "pk": 10, "fields": {"userid": 2, "ticketid": null, "blog_post_id": 2, "comment": "That's that 20/20 hindsight", "posted_on": "2019-04-10T21:09:19Z"}}, {"model": "comments.comment", "pk": 11, "fields": {"userid": 2, "ticketid": null, "blog_post_id": 2, "comment": "While they be sleepin I be on to that", "posted_on": "2019-04-14T21:10:15Z"}}, {"model": "comments.comment", "pk": 12, "fields": {"userid": 2, "ticketid": null, "blog_post_id": 2, "comment": "They go back and forth!", "posted_on": "2019-04-15T21:22:29Z"}}, {"model": "comments.comment", "pk": 13, "fields": {"userid": 2, "ticketid": null, "blog_post_id": 5, "comment": "test", "posted_on": "2019-04-15T22:07:50Z"}}, {"model": "comments.comment", "pk": 14, "fields": {"userid": 2, "ticketid": 8, "blog_post_id": null, "comment": "New comment for charts testing", "posted_on": "2019-04-15T23:10:28.497Z"}}, {"model": "comments.comment", "pk": 15, "fields": {"userid": 2, "ticketid": 7, "blog_post_id": null, "comment": "6 out of 36??", "posted_on": "2019-04-15T23:11:30.958Z"}}, {"model": "blog.post", "pk": 1, "fields": {"author": 1, "title": "Can Your Son Read This Script", "body": "Lorem ipsum dolor sit amet, consectetur adipiscing elit. In interdum sem non enim laoreet, non mattis turpis dictum. Aenean dolor est, lacinia non tempus ac, porttitor nec massa. Quisque gravida euismod lectus, id viverra felis tempor in. Praesent faucibus aliquam velit, dictum viverra ipsum volutpat et. Nunc enim ligula, rhoncus in orci id, sollicitudin placerat risus. Sed id massa et ex imperdiet elementum. Nunc sodales dui sem. Maecenas mollis sed risus quis viverra. Vestibulum commodo, ligula hendrerit finibus posuere, mi arcu pulvinar est, tincidunt malesuada metus erat in turpis.\r\n\r\nMorbi iaculis pharetra ligula, sit amet vulputate dui porta volutpat. Sed commodo pharetra urna, sit amet euismod quam sollicitudin at. Cras nisl leo, maximus id elit fringilla, porta tristique nisl. In hac habitasse platea dictumst. Phasellus auctor orci non orci tempus lacinia. Fusce eu massa maximus, fermentum nisl id, tristique lacus. Nunc in libero dui. Morbi auctor ligula et nulla commodo, a gravida ipsum posuere. Cras blandit erat in erat aliquam, eu lacinia felis consequat.\r\n\r\nLorem ipsum dolor sit amet, consectetur adipiscing elit. Integer hendrerit felis sed ultricies commodo. Cras hendrerit eros sit amet purus interdum consectetur. Nullam at nisl nisl. Suspendisse feugiat purus quis nisi efficitur tempor. Phasellus libero libero, vehicula at tellus eu, pretium fringilla nibh. Vestibulum scelerisque leo sed placerat ultrices. Morbi consequat nisl nec pellentesque ultricies. Nullam quis dignissim tortor, in interdum lectus. Donec gravida, turpis quis varius luctus, erat elit posuere ex, vel convallis est mauris quis augue. Nullam quam urna, maximus in ornare vel, sollicitudin et lectus. Nunc laoreet in sem non cursus. Praesent bibendum consequat metus. Maecenas lacinia purus ac augue placerat aliquam.", "created_on": "2019-04-14T18:34:45Z", "published_on": "2019-04-14T18:47:45Z"}}, {"model": "blog.post", "pk": 2, "fields": {"author": 2, "title": "There's A World Outside", "body": "Morbi iaculis pharetra ligula, sit amet vulputate dui porta volutpat. Sed commodo pharetra urna, sit amet euismod quam sollicitudin at. Cras nisl leo, maximus id elit fringilla, porta tristique nisl. In hac habitasse platea dictumst. Phasellus auctor orci non orci tempus lacinia. Fusce eu massa maximus, fermentum nisl id, tristique lacus. Nunc in libero dui. Morbi auctor ligula et nulla commodo, a gravida ipsum posuere. Cras blandit erat in erat aliquam, eu lacinia felis consequat.\r\n\r\nLorem ipsum dolor sit amet, consectetur adipiscing elit. Integer hendrerit felis sed ultricies commodo. Cras hendrerit eros sit amet purus interdum consectetur. Nullam at nisl nisl. Suspendisse feugiat purus quis nisi efficitur tempor. Phasellus libero libero, vehicula at tellus eu, pretium fringilla nibh. Vestibulum scelerisque leo sed placerat ultrices. Morbi consequat nisl nec pellentesque ultricies. Nullam quis dignissim tortor, in interdum lectus. Donec gravida, turpis quis varius luctus, erat elit posuere ex, vel convallis est mauris quis augue. Nullam quam urna, maximus in ornare vel, sollicitudin et lectus. Nunc laoreet in sem non cursus. Praesent bibendum consequat metus. Maecenas lacinia purus ac augue placerat aliquam.\r\n\r\nQuisque dictum nunc vitae tortor auctor, quis rutrum diam euismod. Nam ullamcorper, nunc sit amet molestie sollicitudin, tortor leo tristique nibh, id porta nisi tellus vel quam. Donec placerat hendrerit enim et dapibus. Suspendisse pulvinar, risus vel pulvinar semper, neque lectus eleifend est, et auctor mi nibh a tortor. Suspendisse sit amet maximus tellus. Praesent congue placerat vulputate. Maecenas vel finibus tortor. Duis quis convallis libero, et maximus odio. Suspendisse interdum orci odio, in luctus mi commodo in. Maecenas lectus risus, aliquet et suscipit in, euismod ut tortor. Nulla non semper leo. Duis sed magna nec justo facilisis lacinia at ut nisl. Etiam viverra rhoncus hendrerit.", "created_on": "2019-04-14T18:47:49Z", "published_on": "2019-04-14T18:48:01Z"}}, {"model": "blog.post", "pk": 5, "fields": {"author": 2, "title": "Add lists of my features and bugs to the dashboard", "body": "Vestibulum ipsum lacus, placerat a justo tempus, tristique vestibulum turpis. Nunc vulputate sed enim eget fermentum. Proin sit amet tellus et lectus sagittis consequat. Sed feugiat mattis pulvinar. Integer ultrices quis urna sit amet sollicitudin. Lorem ipsum dolor sit amet, consectetur adipiscing elit. Donec varius tincidunt sagittis. Sed lacinia pulvinar ante vitae suscipit. Curabitur commodo tempor ante nec ultrices. Sed quis magna sed enim ornare tristique nec in tellus. Suspendisse faucibus vulputate nunc quis ullamcorper. Nam in ligula eu elit suscipit porttitor. Ut at mi nunc. Etiam cursus in tortor id volutpat. In fermentum quam eget porttitor vestibulum. Cras ac tempus mauris.\r\n\r\nAliquam dapibus felis eros, quis sodales nisi viverra quis. Donec imperdiet commodo interdum. Integer vitae cursus enim, eleifend volutpat turpis. Nulla non iaculis nibh. Nunc faucibus lobortis ipsum, eget cursus dolor dictum et. Etiam in ante purus. Fusce elementum risus consectetur, tristique eros sed, luctus nulla. Cras accumsan urna nibh, vitae imperdiet turpis ullamcorper id. Praesent sit amet tortor non erat facilisis pretium a vel turpis.", "created_on": "2019-04-14T21:05:09Z", "published_on": "2019-04-14T21:06:00Z"}}, {"model": "admin.logentry", "pk": 1, "fields": {"action_time": "2019-03-31T22:24:38.901Z", "user": 2, "content_type": 8, "object_id": "1", "object_repr": "adam", "action_flag": 1, "change_message": "[{\"added\": {}}]"}}, {"model": "admin.logentry", "pk": 2, "fields": {"action_time": "2019-03-31T22:33:16.620Z", "user": 2, "content_type": 8, "object_id": "1", "object_repr": "adam", "action_flag": 2, "change_message": "[{\"changed\": {\"fields\": [\"ticket\"]}}]"}}, {"model": "admin.logentry", "pk": 3, "fields": {"action_time": "2019-03-31T22:48:57.585Z", "user": 2, "content_type": 8, "object_id": "1", "object_repr": "adam", "action_flag": 2, "change_message": "[{\"changed\": {\"fields\": [\"amount\"]}}]"}}, {"model": "admin.logentry", "pk": 4, "fields": {"action_time": "2019-03-31T23:00:44.627Z", "user": 2, "content_type": 8, "object_id": "1", "object_repr": "adam", "action_flag": 2, "change_message": "[{\"changed\": {\"fields\": [\"amount\"]}}]"}}, {"model": "admin.logentry", "pk": 5, "fields": {"action_time": "2019-03-31T23:09:37.002Z", "user": 2, "content_type": 8, "object_id": "1", "object_repr": "adam", "action_flag": 2, "change_message": "[{\"changed\": {\"fields\": [\"amount\"]}}]"}}, {"model": "admin.logentry", "pk": 6, "fields": {"action_time": "2019-03-31T23:09:49.276Z", "user": 2, "content_type": 8, "object_id": "1", "object_repr": "adam", "action_flag": 2, "change_message": "[{\"changed\": {\"fields\": [\"amount\"]}}]"}}, {"model": "admin.logentry", "pk": 7, "fields": {"action_time": "2019-03-31T23:10:11.028Z", "user": 2, "content_type": 8, "object_id": "1", "object_repr": "adam", "action_flag": 2, "change_message": "[{\"changed\": {\"fields\": [\"amount\"]}}]"}}, {"model": "admin.logentry", "pk": 8, "fields": {"action_time": "2019-03-31T23:12:38.147Z", "user": 2, "content_type": 8, "object_id": "1", "object_repr": "adam", "action_flag": 2, "change_message": "[{\"changed\": {\"fields\": [\"amount\"]}}]"}}, {"model": "admin.logentry", "pk": 9, "fields": {"action_time": "2019-03-31T23:15:33.878Z", "user": 2, "content_type": 7, "object_id": "3", "object_repr": "Stripe Integration", "action_flag": 2, "change_message": "[{\"changed\": {\"fields\": [\"price\", \"status\"]}}]"}}, {"model": "admin.logentry", "pk": 10, "fields": {"action_time": "2019-04-14T18:35:07.893Z", "user": 2, "content_type": 11, "object_id": "1", "object_repr": "New blog post", "action_flag": 1, "change_message": "[{\"added\": {}}]"}}, {"model": "admin.logentry", "pk": 11, "fields": {"action_time": "2019-04-14T18:47:46.982Z", "user": 2, "content_type": 11, "object_id": "1", "object_repr": "New blog post", "action_flag": 2, "change_message": "[{\"changed\": {\"fields\": [\"published_on\"]}}]"}}, {"model": "admin.logentry", "pk": 12, "fields": {"action_time": "2019-04-14T18:48:07.823Z", "user": 2, "content_type": 11, "object_id": "2", "object_repr": "Second post", "action_flag": 1, "change_message": "[{\"added\": {}}]"}}, {"model": "admin.logentry", "pk": 13, "fields": {"action_time": "2019-04-14T18:48:33.246Z", "user": 2, "content_type": 11, "object_id": "3", "object_repr": "Unpublished post", "action_flag": 1, "change_message": "[{\"added\": {}}]"}}, {"model": "admin.logentry", "pk": 14, "fields": {"action_time": "2019-04-14T19:23:48.717Z", "user": 2, "content_type": 11, "object_id": "1", "object_repr": "Can Your Son Read This Script", "action_flag": 2, "change_message": "[{\"changed\": {\"fields\": [\"title\", \"body\"]}}]"}}, {"model": "admin.logentry", "pk": 15, "fields": {"action_time": "2019-04-14T19:24:11.140Z", "user": 2, "content_type": 11, "object_id": "2", "object_repr": "There's A World Outside", "action_flag": 2, "change_message": "[{\"changed\": {\"fields\": [\"title\", \"body\"]}}]"}}, {"model": "admin.logentry", "pk": 16, "fields": {"action_time": "2019-04-14T19:41:59.854Z", "user": 2, "content_type": 9, "object_id": "6", "object_repr": "Test comments on blog posts using the same model as ticket comments", "action_flag": 1, "change_message": "[{\"added\": {}}]"}}, {"model": "admin.logentry", "pk": 17, "fields": {"action_time": "2019-04-14T20:09:00.364Z", "user": 2, "content_type": 9, "object_id": "9", "object_repr": "gfdsfsdgfsdgsdg", "action_flag": 3, "change_message": ""}}, {"model": "admin.logentry", "pk": 18, "fields": {"action_time": "2019-04-14T20:09:00.373Z", "user": 2, "content_type": 9, "object_id": "8", "object_repr": "fdsafdsa", "action_flag": 3, "change_message": ""}}, {"model": "admin.logentry", "pk": 19, "fields": {"action_time": "2019-04-14T20:09:00.379Z", "user": 2, "content_type": 9, "object_id": "7", "object_repr": "gfsdgfsdg", "action_flag": 3, "change_message": ""}}, {"model": "admin.logentry", "pk": 20, "fields": {"action_time": "2019-04-14T21:06:01.287Z", "user": 2, "content_type": 11, "object_id": "5", "object_repr": "Add lists of my features and bugs to the dashboard", "action_flag": 2, "change_message": "[{\"changed\": {\"fields\": [\"published_on\"]}}]"}}, {"model": "admin.logentry", "pk": 21, "fields": {"action_time": "2019-04-14T21:06:17.395Z", "user": 2, "content_type": 11, "object_id": "4", "object_repr": "Add lists of my features and bugs to the dashboard", "action_flag": 3, "change_message": ""}}, {"model": "admin.logentry", "pk": 22, "fields": {"action_time": "2019-04-14T21:07:34.334Z", "user": 2, "content_type": 11, "object_id": "6", "object_repr": "Chilling", "action_flag": 3, "change_message": ""}}, {"model": "admin.logentry", "pk": 23, "fields": {"action_time": "2019-04-14T21:07:34.341Z", "user": 2, "content_type": 11, "object_id": "3", "object_repr": "Unpublished post", "action_flag": 3, "change_message": ""}}, {"model": "admin.logentry", "pk": 24, "fields": {"action_time": "2019-04-15T13:23:25.124Z", "user": 2, "content_type": 7, "object_id": "11", "object_repr": "April 4th", "action_flag": 1, "change_message": "[{\"added\": {}}]"}}, {"model": "admin.logentry", "pk": 25, "fields": {"action_time": "2019-04-15T13:24:07.105Z", "user": 2, "content_type": 7, "object_id": "12", "object_repr": "48 Hours", "action_flag": 1, "change_message": "[{\"added\": {}}]"}}, {"model": "admin.logentry", "pk": 26, "fields": {"action_time": "2019-04-15T13:42:08.724Z", "user": 2, "content_type": 7, "object_id": "4", "object_repr": "Add lists of my features and bugs to the dashboard", "action_flag": 2, "change_message": "[{\"changed\": {\"fields\": [\"created_on\"]}}]"}}, {"model": "admin.logentry", "pk": 27, "fields": {"action_time": "2019-04-15T13:42:17.056Z", "user": 2, "content_type": 7, "object_id": "5", "object_repr": "Test bug", "action_flag": 2, "change_message": "[{\"changed\": {\"fields\": [\"created_on\"]}}]"}}, {"model": "admin.logentry", "pk": 28, "fields": {"action_time": "2019-04-15T13:42:25.743Z", "user": 2, "content_type": 7, "object_id": "6", "object_repr": "Chilling", "action_flag": 2, "change_message": "[{\"changed\": {\"fields\": [\"created_on\"]}}]"}}, {"model": "admin.logentry", "pk": 29, "fields": {"action_time": "2019-04-15T13:42:33.751Z", "user": 2, "content_type": 7, "object_id": "7", "object_repr": "Pagination", "action_flag": 2, "change_message": "[{\"changed\": {\"fields\": [\"created_on\"]}}]"}}, {"model": "admin.logentry", "pk": 30, "fields": {"action_time": "2019-04-15T13:44:24.836Z", "user": 2, "content_type": 7, "object_id": "13", "object_repr": "Charts page needs more data", "action_flag": 1, "change_message": "[{\"added\": {}}]"}}, {"model": "admin.logentry", "pk": 31, "fields": {"action_time": "2019-04-15T13:45:09.182Z", "user": 2, "content_type": 7, "object_id": "14", "object_repr": "Quisque sit amet viverra libero", "action_flag": 1, "change_message": "[{\"added\": {}}]"}}, {"model": "admin.logentry", "pk": 32, "fields": {"action_time": "2019-04-15T22:00:35.507Z", "user": 2, "content_type": 9, "object_id": "4", "object_repr": "Contributions related comment...", "action_flag": 2, "change_message": "[{\"changed\": {\"fields\": [\"posted_on\"]}}]"}}, {"model": "admin.logentry", "pk": 33, "fields": {"action_time": "2019-04-15T22:00:47.943Z", "user": 2, "content_type": 9, "object_id": "12", "object_repr": "They go back and forth!", "action_flag": 2, "change_message": "[{\"changed\": {\"fields\": [\"posted_on\"]}}]"}}, {"model": "admin.logentry", "pk": 34, "fields": {"action_time": "2019-04-15T22:00:52.212Z", "user": 2, "content_type": 9, "object_id": "13", "object_repr": "test", "action_flag": 2, "change_message": "[{\"changed\": {\"fields\": [\"posted_on\"]}}]"}}, {"model": "admin.logentry", "pk": 35, "fields": {"action_time": "2019-04-15T22:09:08.998Z", "user": 2, "content_type": 9, "object_id": "6", "object_repr": "Test comments on blog posts using the same model as ticket comments", "action_flag": 2, "change_message": "[{\"changed\": {\"fields\": [\"posted_on\"]}}]"}}, {"model": "admin.logentry", "pk": 36, "fields": {"action_time": "2019-04-15T22:09:29.412Z", "user": 2, "content_type": 9, "object_id": "11", "object_repr": "While they be sleepin I be on to that", "action_flag": 2, "change_message": "[{\"changed\": {\"fields\": [\"posted_on\"]}}]"}}, {"model": "admin.logentry", "pk": 37, "fields": {"action_time": "2019-04-15T22:11:02.109Z", "user": 2, "content_type": 9, "object_id": "11", "object_repr": "While they be sleepin I be on to that", "action_flag": 2, "change_message": "[{\"changed\": {\"fields\": [\"posted_on\"]}}]"}}, {"model": "admin.logentry", "pk": 38, "fields": {"action_time": "2019-04-15T22:12:03.096Z", "user": 2, "content_type": 9, "object_id": "10", "object_repr": "That's that 20/20 hindsight", "action_flag": 2, "change_message": "[{\"changed\": {\"fields\": [\"posted_on\"]}}]"}}, {"model": "admin.logentry", "pk": 39, "fields": {"action_time": "2019-04-16T22:06:39.203Z", "user": 2, "content_type": 7, "object_id": "2", "object_repr": "I want to be able to contribute to features", "action_flag": 2, "change_message": "[{\"changed\": {\"fields\": [\"percent_complete\"]}}]"}}, {"model": "admin.logentry", "pk": 40, "fields": {"action_time": "2019-04-16T22:06:49.287Z", "user": 2, "content_type": 7, "object_id": "12", "object_repr": "48 Hours", "action_flag": 2, "change_message": "[{\"changed\": {\"fields\": [\"percent_complete\"]}}]"}}, {"model": "admin.logentry", "pk": 41, "fields": {"action_time": "2019-04-17T20:43:55.906Z", "user": 2, "content_type": 7, "object_id": "1", "object_repr": "Not sure if we can add contributions", "action_flag": 2, "change_message": "[{\"changed\": {\"fields\": [\"image\"]}}]"}}, {"model": "admin.logentry", "pk": 42, "fields": {"action_time": "2019-04-17T21:50:56.952Z", "user": 2, "content_type": 7, "object_id": "15", "object_repr": "Image test", "action_flag": 2, "change_message": "[{\"changed\": {\"fields\": [\"image\"]}}]"}}, {"model": "admin.logentry", "pk": 43, "fields": {"action_time": "2019-04-17T21:51:01.822Z", "user": 2, "content_type": 7, "object_id": "15", "object_repr": "Image test", "action_flag": 2, "change_message": "[{\"changed\": {\"fields\": [\"status\"]}}]"}}, {"model": "admin.logentry", "pk": 44, "fields": {"action_time": "2019-04-19T13:42:05.056Z", "user": 2, "content_type": 10, "object_id": "10", "object_repr": "admin", "action_flag": 3, "change_message": ""}}, {"model": "admin.logentry", "pk": 45, "fields": {"action_time": "2019-04-19T13:42:05.065Z", "user": 2, "content_type": 10, "object_id": "9", "object_repr": "newuser", "action_flag": 3, "change_message": ""}}, {"model": "admin.logentry", "pk": 46, "fields": {"action_time": "2019-04-19T13:42:05.073Z", "user": 2, "content_type": 10, "object_id": "8", "object_repr": "newuser", "action_flag": 3, "change_message": ""}}, {"model": "admin.logentry", "pk": 47, "fields": {"action_time": "2019-04-19T13:42:05.080Z", "user": 2, "content_type": 10, "object_id": "6", "object_repr": "admin", "action_flag": 3, "change_message": ""}}, {"model": "admin.logentry", "pk": 48, "fields": {"action_time": "2019-04-19T13:42:05.086Z", "user": 2, "content_type": 10, "object_id": "5", "object_repr": "admin", "action_flag": 3, "change_message": ""}}, {"model": "admin.logentry", "pk": 49, "fields": {"action_time": "2019-04-19T13:42:05.094Z", "user": 2, "content_type": 10, "object_id": "4", "object_repr": "admin", "action_flag": 3, "change_message": ""}}, {"model": "admin.logentry", "pk": 50, "fields": {"action_time": "2019-04-19T13:42:05.101Z", "user": 2, "content_type": 10, "object_id": "3", "object_repr": "admin", "action_flag": 3, "change_message": ""}}, {"model": "admin.logentry", "pk": 51, "fields": {"action_time": "2019-04-19T13:42:05.109Z", "user": 2, "content_type": 10, "object_id": "2", "object_repr": "admin", "action_flag": 3, "change_message": ""}}, {"model": "admin.logentry", "pk": 52, "fields": {"action_time": "2019-04-19T13:42:05.117Z", "user": 2, "content_type": 10, "object_id": "1", "object_repr": "admin", "action_flag": 3, "change_message": ""}}]